.net,.NET_Framework,Microsoft's_.NET
.net,.NET_Framework,Microsoft_.NET
.net,.NET_Framework,.NET_framework
.net,.NET_Framework,Microsoft_.NET_Framework
.net,.NET_Framework,.NET_Enterprise_Server
.net,.NET_Framework,.NET_Server
.net,.NET_Framework,.NET_SDK
.net,.NET_Framework,NET_Framework
.net,.NET_Framework,.Net_framework
.net,.NET_Framework,Winfx
.net,.NET_Framework,.net_framework
.net,.NET_Framework,Microsoft_Net
.net,.NET_Framework,MyServices
.net,.NET_Framework,Microsoft.NET
.net,.NET_Framework,Microsoft_.NET_framework
.net,.NET_Framework,DOTNET
.net,.NET_Framework,Microsoft_.Net
.net,.NET_Framework,.NET_(Microsoft)
.net,.NET_Framework,Net_Framework
.net,.NET_Framework,.Net_Framework
.net,.NET_Framework,Next_Generation_Windows_Services
.net,.NET_Framework,NGWS
.net,.NET_Framework,.NET_platform
.net,.NET_Framework,.NET_code_protection
.net,.NET_Framework,.net_framework_3
.net,.NET_Framework,Microsoft_dot-net
.net,.NET_Framework,Netfx
.net,.NET_Framework,NetFX
.net,.NET_Framework,.Net_(programming_language)
.net,.NET_Framework,Dot_NET_Framework
.net,.NET_Framework,Dot_Net_Framework
.net,.NET_Framework,Dotnet_framework
.net,.NET_Framework,Mspx
.net,.NET_Framework,.mspx
.net,.NET_Framework,Dot_net_framework
.net,.NET_Framework,Microsoft_net_framework
.net-compact-framework,.NET_Compact_Framework,NETCF
.net-remoting,.NET_Remoting,.Net_Remoting
11g-troubleshooting,Oracle_database,Oracle_(DBMS)
11g-troubleshooting,Oracle_database,Oracle11i
11g-troubleshooting,Oracle_database,Oracle8
11g-troubleshooting,Oracle_database,Oracle8i
11g-troubleshooting,Oracle_database,Oracle9i
11g-troubleshooting,Oracle_database,Oracle_11i
11g-troubleshooting,Oracle_database,Oracle_(database)
11g-troubleshooting,Oracle_database,Instantclient
11g-troubleshooting,Oracle_database,Oracle_database
11g-troubleshooting,Oracle_database,Oracle_database
11g-troubleshooting,Oracle_database,Oracle_RDBMS
11g-troubleshooting,Oracle_database,Oracle_DBMS
11g-troubleshooting,Oracle_database,Oracle_db
11g-troubleshooting,Oracle_database,Program_Global_Area
11g-troubleshooting,Oracle_database,Oracle_(software)
11g-troubleshooting,Oracle_database,Oracle_histograms
11g-troubleshooting,Oracle_database,Oracle11g
11g-troubleshooting,Oracle_database,Oracle_11g
11g-troubleshooting,Oracle_database,Oracle-managed_files
11g-troubleshooting,Oracle_database,Oracle_Express_Edition
11g-troubleshooting,Oracle_database,Oracle_express
11g-troubleshooting,Oracle_database,Oracle_XE
2d-animation,2D_computer_graphics,2D_graphics
2d-animation,2D_computer_graphics,2d_computer_graphics
2d-animation,2D_computer_graphics,2d_graphics
2d-animation,2D_computer_graphics,2D_Computer_Graphics
2d-design,2D_computer_graphics,2D_graphics
2d-design,2D_computer_graphics,2d_computer_graphics
2d-design,2D_computer_graphics,2d_graphics
2d-design,2D_computer_graphics,2D_Computer_Graphics
3d-animation,Computer_animation,Computer_animated
3d-animation,Computer_animation,Computer_Animation
3d-animation,Computer_animation,3D_animation
3d-animation,Computer_animation,Computer-animated
3d-animation,Computer_animation,3d_animation
3d-animation,Computer_animation,Animating_programs
3d-animation,Computer_animation,Animation_software
3d-animation,Computer_animation,Computer_animated_film
3d-animation,Computer_animation,Computer_Animated_film
3d-animation,Computer_animation,Computer_Animated_Film
3d-animation,Computer_animation,3-D_Animation
3d-animation,Computer_animation,CGI_animation
3d-animation,Computer_animation,Computer-animated_films
3d-animation,Computer_animation,Computer_Generated_Animation
3d-animation,Computer_animation,CG_Animation
3d-animation,Computer_animation,Cg_animation
3d-animation,Computer_animation,Computer_animator
3d-animation,Computer_animation,Computer-animated_series
3d-animation,Computer_animation,Computer-animated_television_series
3d-animation,Computer_animation,Computerized_animation
3d-animation,Computer_animation,Web_animation
3d-animation,Computer_animation,Internet_animation
3d-animation,Computer_animation,Computer_generated_animation
3d-animation,Computer_animation,Animated_graphics
3d-modeling,3D_modeling,3D_model
3d-modeling,3D_modeling,3D_modelling
3d-modeling,3D_modeling,Model_(Video_games)
3d-modeling,3D_modeling,Model_(computer_games)
3d-modeling,3D_modeling,Virtual_model
3d-modeling,3D_modeling,3D_models
3d-modeling,3D_modeling,Model_(Computer_games)
3d-modeling,3D_modeling,Model_(computer_science)
3d-modeling,3D_modeling,3-D_modeling
3d-modeling,3D_modeling,3D_Modeling
3d-modeling,3D_modeling,3d_model
3d-modeling,3D_modeling,Three_dimensional_model
3d-modeling,3D_modeling,3D_Modeler
3d-modeling,3D_modeling,3D_object_modeling
3d-modeling,3D_modeling,3-D_model
3d-modeling,3D_modeling,3d_modeling
3d-printing,3D_printing,Rapid_manufacturing
3d-printing,3D_printing,Three_dimensional_printing
3d-printing,3D_printing,3D_Printing
3d-printing,3D_printing,Solid_freeform_fabrication
3d-printing,3D_printing,3d_printer
3d-printing,3D_printing,3-D_printer
3d-printing,3D_printing,3-D_printing
3d-printing,3D_printing,Digital_fabricator
3d-printing,3D_printing,Desktop_manufacturing
3d-printing,3D_printing,3d_print
3d-printing,3D_printing,3d_printing
3d-printing,3D_printing,Additive_manufacturing
3d-printing,3D_printing,Desktop_fabricator
3d-printing,3D_printing,Fabber
3d-printing,3D_printing,Free_Form_Fabrication
3d-printing,3D_printing,Free_form_machine
3d-printing,3D_printing,Freeform_machine
3d-printing,3D_printing,Direct_digital_manufacturing
3d-printing,3D_printing,Additive_fabrication
3d-printing,3D_printing,Direct_Digital_Manufacturing
3d-printing,3D_printing,3-d_printer
3d-printing,3D_printing,Three_dimensional_printers
3d-printing,3D_printing,Instant_manufacturing
3d-printing,3D_printing,3D_printer
3d-printing,3D_printing,On-demand_manufacturing
3d-printing,3D_printing,Direct_manufacturing
3d-printing,3D_printing,Rapid_Manufacturing
3d-printing,3D_printing,Three-dimensional_printing
3d-printing,3D_printing,Corn_starch_printer
3d-printing,3D_printing,3D_Printers
3d-printing,3D_printing,3D_Printers
3d-printing,3D_printing,3d_printed
3d-printing,3D_printing,3D_printed
3d-printing,3D_printing,Three_dimensional_printer
3d-printing,3D_printing,3D_Printer
3d-printing,3D_printing,Inkjet_3d_printing
3d-printing,3D_printing,Bioprinter
